"","Feature_chr","Feature_start","Feature_end","Feature_gene_biotype","Feature_gene_name","PBS_2","PBS_3","PBS_4","PBS_5","FPAS_2","FPAS_3","FPAS_4","FPAS_5","baseMean","log2FoldChange","lfcSE","stat","pvalue","padj","FoldChange","baseMean_PBS","baseMean_FPAS","DE_status"
"ENSMUSG00000049173.8","chr18",60573750,60591788,"protein_coding","Myoz3",2889,3737,2703,2696,813,1852,1034,844,1870.71656579935,-1.0532757901185,0.188122129018298,-5.59889363157299,2.15724102867609e-08,0.000149971396313562,0.481872778750195,2525.28766801794,1216.14546358077,"DOWN"
"ENSMUSG00000022698.17","chr16",44139830,44163366,"protein_coding","Naa50",3164,2538,3106,2119,783,1317,661,917,1668.44977393971,-1.19977665295942,0.22124923237391,-5.42273814958056,5.86929402120925e-08,0.000204016660177233,0.435342672863017,2324.77556258779,1012.12398529164,"DOWN"
"ENSMUSG00000062908.12","chr3",153922357,153944632,"protein_coding","Acadm",3628,3626,3335,3245,1155,2222,1437,958,2242.47311430924,-0.921320750511301,0.178113900001602,-5.17264935809622,2.30797879262117e-07,0.000534835618876747,0.528025405155665,2935.73481764236,1549.21141097613,"DOWN"
"ENSMUSG00000062929.8","chr12",54858809,54862877,"protein_coding","Cfl2",3076,2457,2989,2218,1188,1071,1090,722,1711.85244648179,-1.01271316671844,0.212586596124613,-4.76376773126756,1.90011211051072e-06,0.00330239484806764,0.495613308525649,2289.08988556188,1134.61500740171,"DOWN"
"ENSMUSG00000028392.15","chr4",62480053,62497298,"protein_coding","Bspry",335,241,438,310,811,769,794,525,547.166306064675,1.49724187873707,0.31933082199541,4.68868576287505,2.7496524226466e-06,0.00382311672844783,2.82302494863111,286.376633456407,807.955978672944,"UP"
"ENSMUSG00000002944.15","chr5",17781690,17888801,"protein_coding","Cd36",3650,3549,3080,2774,785,2287,711,341,1895.35501608583,-1.41301138044179,0.306058932767004,-4.61679509781694,3.89711712814783e-06,0.00402695185596844,0.375527019445823,2756.61481380033,1034.09521837133,"DOWN"
"ENSMUSG00000040652.16","chr9",65668001,65690300,"protein_coding","Oaz2",2410,1896,2161,1786,790,1209,763,415,1303.54363586609,-1.05119482797662,0.231537218671582,-4.54006847800856,5.62359610504439e-06,0.00402695185596844,0.482568339853212,1758.98844657453,848.098825157648,"DOWN"
"ENSMUSG00000028919.11","chr4",141239499,141257564,"protein_coding","Arhgef19",364,563,240,194,490,881,696,762,534.103897553137,1.51304051977957,0.333788013350941,4.53293844973627,5.81687690240544e-06,0.00402695185596844,2.85410917130819,276.919652023811,791.288143082463,"UP"
"ENSMUSG00000057897.14","chr11",5969644,6066362,"protein_coding","Camk2b",2890,1696,2148,2061,336,1309,472,628,1307.05520418508,-1.37715058981635,0.303811283014196,-4.53291456509863,5.81753492766633e-06,0.00402695185596844,0.384978400626233,1887.7728234729,726.337584897252,"DOWN"
"ENSMUSG00000051236.13","chr10",120781096,120899101,"protein_coding","Msrb3",2794,1849,2332,1530,767,1199,703,583,1344.51766908371,-1.03955673990325,0.229480633556424,-4.53004126663111,5.89721667446036e-06,0.00402695185596844,0.48647691809779,1809.2615251132,879.77381305422,"DOWN"
"ENSMUSG00000036371.6","chr6",67238176,67297736,"protein_coding","Serbp1",5278,4593,4389,4705,2039,3038,2060,1196,3141.28281344077,-0.850645927068014,0.189189378903911,-4.49626682003146,6.91569438783206e-06,0.00402695185596844,0.554536402007014,4042.02178472025,2240.54384216129,"DOWN"
"ENSMUSG00000026083.12","chr1",37998010,38055579,"protein_coding","Eif5b",1173,1715,1522,1136,432,606,625,379,865.120575071184,-1.04763875441498,0.233374793262221,-4.48908273156068,7.15305149419752e-06,0.00402695185596844,0.483759281205304,1166.08569505325,564.155455089121,"DOWN"
"ENSMUSG00000064368.1","chrM",13552,14070,"protein_coding","mt-Nd6",12894,13798,14333,9340,1563,6531,5674,2183,7425.10164104799,-1.33324769726069,0.298330094693337,-4.46903520957609,7.85731973878093e-06,0.00402695185596844,0.396873820088765,10631.385588108,4218.81769398802,"DOWN"
"ENSMUSG00000038205.12","chr3",97658193,97673812,"protein_coding","Prkab2",2275,2027,2831,2386,646,975,1131,760,1514.74959515682,-1.06222132671731,0.238044941616752,-4.46227220584032,8.10951179280181e-06,0.00402695185596844,0.478894135373267,2048.40838593633,981.090804377319,"DOWN"
"ENSMUSG00000028207.18","chr4",9448069,9669344,"protein_coding","Asph",3239,4602,3271,3153,1429,2591,1467,1081,2373.80650982956,-0.765244803423476,0.173812281610482,-4.40270846417176,1.06907782895606e-05,0.00490395475048627,0.588353525486759,2989.57399815923,1758.03902149988,"DOWN"
"ENSMUSG00000021559.14","chr13",60601947,60763191,"protein_coding","Dapk1",1260,1859,1051,1485,1587,2612,1954,1572,1652.12556548562,0.835231933752569,0.190217333923361,4.39093491915456,1.1286432106988e-05,0.00490395475048627,1.78414384229077,1186.81489166251,2117.43623930873,"UP"
"ENSMUSG00000042155.3","chr2",69821944,69836651,"protein_coding","Klhl23",920,472,1008,938,134,432,70,64,451.057700776803,-2.07578013856787,0.482011287457903,-4.3064969484748,1.65860216455606e-05,0.0067827072047022,0.237207225541775,729.584568510601,172.530833043004,"DOWN"
"ENSMUSG00000032314.14","chr9",55454508,55512243,"protein_coding","Etfa",1862,1866,1925,1431,623,1152,399,523,1109.79461261926,-1.05818838638452,0.246617014955572,-4.29081661934459,1.78017275644845e-05,0.00678885848044355,0.480234719077003,1499.81835463045,719.770870608075,"DOWN"
"ENSMUSG00000002981.10","chr7",19631571,19665033,"protein_coding","Clptm1",982,1313,889,807,1025,1785,1629,1127,1182.65453149855,0.878865071135684,0.205264823978643,4.28161559345952,1.85541299091524e-05,0.00678885848044355,1.83892809747692,833.057985641484,1532.25107735562,"UP"
"ENSMUSG00000032637.15","chr7",126491708,126503437,"protein_coding","Atxn2l",3492,4232,2908,2704,3990,4644,4296,2978,3596.56892807699,0.659508139046404,0.1559864014873,4.22798482917821,2.35793686397448e-05,0.00757898329214472,1.57954401476494,2788.31366459093,4404.82419156304,"UP"
"ENSMUSG00000005583.16","chr13",83504034,83667080,"protein_coding","Mef2c",6181,5191,5909,4846,2170,3375,2278,2369,3765.76889224082,-0.743853532568382,0.176057099430587,-4.22506979255135,2.38866737215501e-05,0.00757898329214472,0.597142214420025,4715.59526403994,2815.94252044169,"DOWN"
"ENSMUSG00000025488.9","chr7",140898945,140900446,"protein_coding","Cox8b",2115,1451,1390,1402,269,1088,427,246,933.943674976048,-1.38801156673492,0.328589333314311,-4.22415284371761,2.39841243422301e-05,0.00757898329214472,0.382091066783103,1352.07162932131,515.815720630787,"DOWN"
"ENSMUSG00000042507.15","chr12",84149176,84218881,"protein_coding","Elmsan1",1868,2230,1694,1903,2392,2389,3024,2243,2234.74456400374,0.806119917436289,0.19278069679992,4.18153856074569,2.89543132907927e-05,0.00858827296848406,1.74850257107128,1625.94251478141,2843.54661322607,"UP"
"ENSMUSG00000026100.6","chr1",53061640,53068079,"protein_coding","Mstn",587,1497,657,482,96,409,68,55,402.494708707928,-2.08770790436299,0.49991244465743,-4.17614709670533,2.96488134700255e-05,0.00858827296848406,0.23525415285191,652.073055432727,152.91636198313,"DOWN"
"ENSMUSG00000027580.17","chr2",181227615,181242027,"protein_coding","Helz2",1334,1581,1387,1378,1410,2663,1750,1572,1610.81116451085,0.745727536667587,0.178991252259302,4.16627923015624,3.09611438963734e-05,0.00860967489470352,1.67681965952623,1203.71057092228,2017.91175809942,"UP"
"ENSMUSG00000041130.10","chr17",24669687,24682016,"protein_coding","Zfp598",1279,1642,898,1077,1554,1700,2166,1340,1458.35059507225,0.893456527129737,0.216014349130106,4.1360980450035,3.5326130323531e-05,0.00927663437589502,1.8576214382606,1020.43431002671,1896.2668801178,"UP"
"ENSMUSG00000024099.15","chr17",66078638,66101559,"protein_coding","Ndufv2",3182,2831,3084,2350,928,2099,1196,810,1883.67882584604,-0.861506263509203,0.208517556965551,-4.13157662139469,3.60283556025842e-05,0.00927663437589502,0.55037762932382,2430.5541181447,1336.80353354738,"DOWN"
"ENSMUSG00000019577.6","chr6",5483351,5496309,"protein_coding","Pdk4",3179,2864,1781,4403,593,1948,855,886,1883.46433040915,-1.21241753067051,0.294331769098506,-4.11922075005345,3.80155822583683e-05,0.00933010162737591,0.431544867723214,2631.70882679676,1135.21983402155,"DOWN"
"ENSMUSG00000064367.1","chrM",11742,13565,"protein_coding","mt-Nd5",50623,51787,47619,33541,9701,31223,16909,7844,27802.0851843994,-1.18447212564753,0.287926643204567,-4.11379826633821,3.89201592626441e-05,0.00933010162737591,0.439985496838206,38614.9560045108,16989.214364288,"DOWN"
"ENSMUSG00000041695.2","chr11",111066164,111076821,"protein_coding","Kcnj2",1703,1593,1733,1062,611,807,476,193,919.255044575767,-1.21915111082705,0.30130167344198,-4.04628058284521,5.20378550360607e-05,0.011856065247478,0.42953538470327,1286.46027251942,552.049816632113,"DOWN"
"ENSMUSG00000008892.12","chr8",22577075,22593813,"protein_coding","Vdac3",1814,1697,1869,1198,381,1072,596,218,987.794656533206,-1.25048450144911,0.30958950449606,-4.03916955610173,5.36407797428133e-05,0.011856065247478,0.420307031870198,1391.5034368254,584.085876241013,"DOWN"
"ENSMUSG00000051285.17","chr1",7088920,7173628,"protein_coding","Pcmtd1",1944,1918,2198,2030,774,1331,874,688,1363.0643534982,-0.798153930226123,0.197801566635819,-4.03512441180831,5.45733728307386e-05,0.011856065247478,0.575084584003187,1731.13084811433,994.997858882068,"DOWN"
"ENSMUSG00000036745.15","chr3",146852367,146984009,"protein_coding","Ttll7",3369,1113,3228,2220,415,1500,820,379,1486.1327724116,-1.42956244949692,0.355640013466633,-4.01968956069406,5.82748778389297e-05,0.0122765742647345,0.371243468864868,2168.02002635421,804.245518468993,"DOWN"
"ENSMUSG00000028788.14","chr4",129811219,129850003,"protein_coding","Ptp4a2",5994,5004,6139,4044,2075,3901,1775,1781,3528.02238069051,-0.818666771276827,0.204231807223221,-4.00851749004033,6.1101114254122e-05,0.0124933807733722,0.566965647035612,4503.45592665128,2552.58883472973,"DOWN"
"ENSMUSG00000060938.14","chr11",68901583,68906989,"protein_coding","Rpl26",819,720,832,637,930,1190,1464,917,949.752357711395,0.975453722409271,0.244071539246438,3.99658938285451,6.42616246358311e-05,0.012584448533368,1.96625948140687,640.378576930621,1259.12613849217,"UP"
"ENSMUSG00000064345.1","chrM",3914,4951,"protein_coding","mt-Nd2",13825,12462,15656,8339,2773,9934,3931,2542,7782.46985955637,-1.11611069840818,0.279741326889018,-3.98979554011685,6.61302748771155e-05,0.012584448533368,0.461335846535728,10651.8417978504,4913.09792126229,"DOWN"
"ENSMUSG00000027828.12","chr3",65379655,65392623,"protein_coding","Ssr3",2177,2763,2325,2264,770,1686,575,892,1533.60906732905,-0.935197583009874,0.234574872459942,-3.9867764744051,6.69770707328275e-05,0.012584448533368,0.522970841987265,2014.22319384194,1052.99494081616,"DOWN"
"ENSMUSG00000025980.14","chr1",55077835,55088243,"protein_coding","Hspd1",1779,2833,1794,1269,800,1174,706,448,1211.69129373367,-0.917640749858158,0.230772987704431,-3.97637851373425,6.99727196145286e-05,0.0128013249147422,0.52937400215274,1584.81502602837,838.567561438964,"DOWN"
"ENSMUSG00000032423.12","chr9",88447009,88482574,"protein_coding","Syncrip",1682,2242,2085,1810,856,1291,680,724,1310.9911517345,-0.774700773600523,0.195537982707635,-3.96189406719431,7.43575321395322e-05,0.0132547067547187,0.584509843689007,1654.94596593616,967.036337532837,"DOWN"
"ENSMUSG00000022707.16","chr16",70313949,70569716,"protein_coding","Gbe1",1401,1121,1353,1123,429,833,407,322,798.473487292135,-1.01194631563884,0.257371132440007,-3.93185632765059,8.42924394783104e-05,0.0146500259813303,0.495876817179197,1067.98606122384,528.96091336043,"DOWN"
"ENSMUSG00000033917.15","chr7",118688545,118705778,"protein_coding","Gde1",497,661,814,476,648,1651,1009,795,810.463767682764,1.08509085685192,0.27822798922498,3.90000610605174,9.61902620629175e-05,0.0163101146795464,2.12150908516932,519.429460683438,1101.49807468209,"UP"
"ENSMUSG00000059447.13","chr5",30155248,30184593,"protein_coding","Hadhb",2636,2503,2426,2099,1197,1682,892,750,1633.84034361288,-0.748094556622593,0.192204107161097,-3.89218819343736,9.93441347625346e-05,0.0164438196397414,0.595389400596156,2048.62190680797,1219.05878041778,"DOWN"
"ENSMUSG00000015568.16","chr8",68880491,68907448,"protein_coding","Lpl",7018,7114,7253,4890,1680,4761,3191,1564,4249.0978037054,-0.909513504088627,0.235275765675138,-3.86573390369689,0.000110755643482769,0.0179063542672607,0.532364581362704,5546.35897185781,2951.83663555299,"DOWN"
"ENSMUSG00000040969.14","chr3",133112278,133234949,"protein_coding","Arhgef38",155,370,232,281,332,683,417,829,431.901996502173,1.56897203127976,0.406532940679332,3.85939704826365,0.000113667130183268,0.0179594065689563,2.96693234886998,217.667427067295,646.136565937052,"UP"
"ENSMUSG00000029246.14","chr5",76913249,76951578,"protein_coding","Ppat",613,815,555,773,267,150,54,145,379.253657196855,-1.73904602195923,0.452209630052939,-3.84566339676501,0.000120226714814745,0.0185736915864913,0.299567698975445,583.544029817027,174.963284576684,"DOWN"
"ENSMUSG00000026430.16","chr1",131176410,131245258,"protein_coding","Rassf5",417,563,175,157,783,358,633,1133,570.103806584212,1.72483242948443,0.450166067519248,3.83154696441148,0.000127340060061739,0.0192449586423742,3.30541732269121,264.579685887499,875.627927280926,"UP"
"ENSMUSG00000064351.1","chrM",5328,6872,"protein_coding","mt-Co1",76164,78745,78187,44039,14698,50544,22663,13508,42160.3807490078,-1.15482459248245,0.306959781480065,-3.76213648222657,0.000168468067092832,0.0244225571152948,0.449120788677,58188.0355070184,26132.7259909972,"DOWN"
"ENSMUSG00000031818.12","chr8",120668222,120674207,"protein_coding","Cox4i1",4204,3757,4196,2389,1160,2964,1150,694,2302.4037588179,-1.0000720246285,0.265842034334159,-3.76190329393669,0.000168625250508364,0.0244225571152948,0.499975038788994,3070.61352251906,1534.19399511675,"DOWN"
"ENSMUSG00000029119.9","chr5",36806921,36830653,"protein_coding","Man2b2",871,700,735,898,952,1951,1033,885,989.838269064448,0.909036610481748,0.242268440911451,3.75218747873976,0.000175298290214138,0.0248708921136467,1.87779114570355,688.255243019942,1291.42129510895,"UP"
"ENSMUSG00000019256.17","chr12",35497974,35535038,"protein_coding","Ahr",846,445,359,323,822,1036,649,963,696.018352044411,1.23203247040003,0.331250343701203,3.71933944772404,0.000199744465582076,0.0272432552126104,2.34897680970431,415.568484661429,976.468219427392,"UP"
"ENSMUSG00000034255.17","chr11",103331497,103363692,"protein_coding","Arhgap27",1061,1018,981,933,1369,1162,1316,2109,1298.49606644136,1.04247134614973,0.280334974742198,3.71866317111664,0.000200279901372043,0.0272432552126104,2.05975300349802,848.520144480477,1748.47198840223,"UP"
"ENSMUSG00000031833.10","chr8",70778117,70805054,"protein_coding","Mast3",629,821,713,383,1146,1029,697,962,806.738437988619,1.02865924704663,0.277303417975427,3.70950799869975,0.00020766239708414,0.0272432552126104,2.04012739991993,530.52179688368,1082.95507909356,"UP"
"ENSMUSG00000029684.14","chr6",24613805,24665009,"protein_coding","Wasl",1017,869,690,940,1057,1268,1334,1195,1059.8192163892,0.872186225796464,0.235230470614753,3.70779441760707,0.00020907227622058,0.0272432552126104,1.83043459695659,748.803777655249,1370.83465512316,"UP"
"ENSMUSG00000029033.16","chr4",155891822,155907251,"protein_coding","Acap3",994,955,721,875,1180,1208,1060,1646,1110.44073406089,0.969262055662311,0.261672110804912,3.70410913368196,0.000212134922753576,0.0272432552126104,1.95783889650972,750.618345645563,1470.26312247621,"UP"
"ENSMUSG00000021282.17","chr12",111538016,111546752,"protein_coding","Eif5",3493,3557,2935,2390,1533,2192,1378,1189,2157.96493141851,-0.599784002485297,0.162268343029131,-3.69624777876497,0.000218809429297687,0.0272432552126104,0.659852739868943,2600.36184711141,1715.5680157256,"DOWN"
"ENSMUSG00000041879.13","chr1",135382312,135430499,"protein_coding","Ipo9",1482,1817,1377,1127,1346,2281,1799,1537,1567.49704743883,0.660957131111813,0.178854384770253,3.69550420561869,0.000219450847512397,0.0272432552126104,1.58113125006599,1214.42953142902,1920.56456344864,"UP"
"ENSMUSG00000034247.9","chr11",103364275,103412687,"protein_coding","Plekhm1",1303,1667,1103,1618,1585,2125,1938,1495,1594.17395740654,0.717955364220542,0.194924014183076,3.68325763877521,0.00023027221424353,0.0277352798773044,1.64484924637596,1205.50302191361,1982.84489289947,"UP"
"ENSMUSG00000011960.12","chr15",98538689,98570923,"protein_coding","Ccnt1",1003,1124,875,849,380,421,463,228,611.175253923183,-0.979047400147889,0.266108155157406,-3.67913339434777,0.000234027841962155,0.0277352798773044,0.507314605053799,810.972204823767,411.378303022599,"DOWN"
"ENSMUSG00000055027.17","chr6",71213940,71322233,"protein_coding","Smyd1",4292,3110,3953,2926,1104,2466,1840,962,2375.73014895136,-0.839127651319387,0.228168864600556,-3.67766063432189,0.000235382841306237,0.0277352798773044,0.558981463970807,3048.26048338801,1703.19981451471,"DOWN"
"ENSMUSG00000020580.10","chr12",16894895,16987823,"protein_coding","Rock2",4585,5239,5445,4562,2446,3571,1554,1917,3394.28796849244,-0.710910796467997,0.194101741065611,-3.66256785006216,0.000249699585390937,0.0289318586272965,0.610934324457114,4214.33736074182,2574.23857624306,"DOWN"
"ENSMUSG00000060036.14","chr15",80077791,80091868,"protein_coding","Rpl3",1660,2064,1169,1162,2445,2106,1352,2096,1762.36610727912,0.850628102147723,0.234053974260896,3.63432453917464,0.000278709854933319,0.0305918177422938,1.80328584591357,1256.99997298578,2267.73224157247,"UP"
"ENSMUSG00000027784.10","chr3",69316861,69560802,"protein_coding","Ppm1l",3335,2834,3755,2705,853,2402,1480,750,2069.95042532369,-0.905874440465206,0.249348742020495,-3.6329617431587,0.000280186573018393,0.0305918177422938,0.533709116363646,2699.86888653855,1440.03196410883,"DOWN"
"ENSMUSG00000064057.12","chr11",49663610,49665118,"protein_coding","Scgb3a1",1813,3821,1417,1465,1068,688,586,614,1282.35916844425,-1.04753303109986,0.288466584945532,-3.6313843119738,0.000281905022518697,0.0305918177422938,0.483794733263785,1728.1525684777,836.565768410812,"DOWN"
"ENSMUSG00000000385.8","chr16",97564682,97611195,"protein_coding","Tmprss2",808,655,755,391,891,1579,1093,581,829.073539832037,1.00964521845448,0.278713899802843,3.62251476933402,0.000291752797256478,0.0305918177422938,2.01341590838799,550.397388358769,1107.7496913053,"UP"
"ENSMUSG00000037111.9","chr3",51515319,51560879,"protein_coding","Setd7",6588,5304,7068,5068,2283,4290,2928,1245,3989.67903024723,-0.852973007466223,0.235466724331397,-3.62247791015152,0.000291794385970573,0.0305918177422938,0.553642650687777,5136.50557436846,2842.85248612601,"DOWN"
"ENSMUSG00000016028.11","chr15",85898929,86034203,"protein_coding","Celsr1",3383,4459,3331,3193,4804,4960,3447,3210,3781.2174944375,0.590550850842935,0.16352398989891,3.61140191850757,0.00030454626152851,0.0305918177422938,1.50582159152763,3017.83583100287,4544.59915787213,"UP"
"ENSMUSG00000004815.12","chr5",108646693,108669672,"protein_coding","Dgkq",629,756,410,366,743,769,839,818,674.141673370129,1.01277092874634,0.280502816577845,3.61055529175152,0.000305542155675931,0.0305918177422938,2.01778285850156,446.490262404514,901.793084335744,"UP"
"ENSMUSG00000038453.17","chr11",97509340,97576186,"protein_coding","Srcin1",858,1039,863,1340,1273,2024,1252,1182,1222.75109822587,0.831862272161242,0.23050469263589,3.60887347953159,0.00030752953785645,0.0305918177422938,1.77998153127641,879.928055032049,1565.57414141969,"UP"
"ENSMUSG00000004980.16","chr6",51460932,51469894,"protein_coding","Hnrnpa2b1",8236,9351,7381,7918,3353,5763,3311,3986,5734.92378277598,-0.621348319447931,0.172247043461359,-3.60730905426149,0.000309389065264557,0.0305918177422938,0.65006310527204,6951.09192624466,4518.75563930729,"DOWN"
"ENSMUSG00000033295.14","chr4",118208213,118291405,"protein_coding","Ptprf",6032,9116,5791,5565,9447,8157,6797,7090,7197.3405914437,0.683737625622288,0.189692148130137,3.60445929028763,0.000312803472258376,0.0305918177422938,1.60629583946553,5522.64673610638,8872.03444678102,"UP"
"ENSMUSG00000027447.6","chr2",148871722,148875692,"protein_coding","Cst3",3888,4156,3760,2564,1487,2054,2117,1110,2438.01022654837,-0.699290086516098,0.19405827179445,-3.60350568955287,0.000313953871759818,0.0305918177422938,0.615875188615354,3017.63641193725,1858.3840411595,"DOWN"
"ENSMUSG00000031661.12","chr8",88521354,88594884,"protein_coding","Nkd1",635,823,673,1199,1036,1449,1225,1383,1077.14684804575,1.00032132394507,0.277870424302304,3.59995608189228,0.000318270931713884,0.0305918177422938,2.00044549918315,718.048351604072,1436.24534448743,"UP"
"ENSMUSG00000007892.8","chr9",61913284,61914542,"protein_coding","Rplp1",2931,3219,2574,1780,3316,3279,2849,3029,2857.8481533936,0.681570212480025,0.189454117952753,3.59754762707243,0.000321231688030416,0.0305918177422938,1.60388445471241,2194.64780401415,3521.04850277306,"UP"
"ENSMUSG00000014956.15","chr5",32458843,32517433,"protein_coding","Ppp1cb",5514,5168,5889,3793,1803,3796,2579,1321,3419.38789600277,-0.772906593777972,0.215388869474138,-3.5884240242543,0.000332682909837793,0.0308311275471176,0.585237210260496,4314.59963957259,2524.17615243294,"DOWN"
"ENSMUSG00000021957.7","chr14",30548359,30574720,"protein_coding","Tkt",1731,1634,1621,2061,1977,2884,2093,1862,1970.6637506189,0.682997123109346,0.190461060339913,3.58601974540314,0.000335763546745933,0.0308311275471176,1.60547157594397,1512.96801821209,2428.35948302571,"UP"
"ENSMUSG00000021577.14","chr13",74322254,74350280,"protein_coding","Sdha",6366,5211,5441,4435,1894,4320,2499,1645,3652.03477246411,-0.727331011671289,0.202880459556756,-3.58502249679604,0.00033704915040002,0.0308311275471176,0.604020319489809,4554.2209850858,2749.84855984242,"DOWN"
"ENSMUSG00000007122.11","chr1",172209894,172219868,"protein_coding","Casq1",17363,11145,19563,16212,2494,9432,8692,2431,9993.56665190397,-1.20144257445638,0.335991283950429,-3.57581470665066,0.000349138887007521,0.0311820045931719,0.434840260276696,13930.2610584472,6056.87224536074,"DOWN"
"ENSMUSG00000041329.13","chr11",69599736,69605942,"protein_coding","Atp1b2",3250,1933,4360,3288,733,2204,1443,519,2035.94959106031,-1.13556140828492,0.317614835900596,-3.57527822988822,0.00034985563266217,0.0311820045931719,0.455157762888616,2798.77468187492,1273.12450024569,"DOWN"
"ENSMUSG00000020326.7","chr11",40748552,40755311,"protein_coding","Ccng1",8362,6736,10036,7205,2286,5925,4036,1591,5286.21969675805,-0.936955695644389,0.262951703490117,-3.5632235243519,0.000366328492667901,0.0322369073547753,0.522333921767621,6945.48532724643,3626.95406626966,"DOWN"
"ENSMUSG00000032279.11","chr9",54586334,54604661,"protein_coding","Idh3a",3453,2824,3988,2836,1088,2287,1534,1242,2237.96119017298,-0.749687933962948,0.211022954138365,-3.55263690163009,0.000381390505492883,0.0328299281308787,0.594732188737029,2806.98060782929,1668.94177251666,"DOWN"
"ENSMUSG00000043903.4","chr8",122258620,122272650,"protein_coding","Zfp469",637,449,325,235,737,478,631,1258,636.702941002262,1.43600786665266,0.404296942195258,3.55186427791266,0.000382512108544473,0.0328299281308787,2.70571121562204,343.434026941104,929.97185506342,"UP"
"ENSMUSG00000015243.4","chr4",53030787,53159895,"protein_coding","Abca1",3196,3285,3518,2456,3865,4518,3787,2516,3336.81901904181,0.614254042322962,0.173116444909268,3.54821312697878,0.000387854243721526,0.032882471979903,1.53076629676931,2637.13726242822,4036.5007756554,"UP"
"ENSMUSG00000040850.17","chr11",30771726,30880361,"protein_coding","Psme4",4471,3836,4444,3305,2116,2846,1683,1307,2783.99317818377,-0.666024460465866,0.187986742847304,-3.54293313655026,0.000395703016893843,0.0331437032945301,0.630241010151793,3415.84305789794,2152.1432984696,"DOWN"
"ENSMUSG00000028273.15","chr3",142239590,142395696,"protein_coding","Pdlim5",4385,3435,4478,3111,1357,2420,2132,1352,2636.75625606646,-0.727679647941918,0.205690606073879,-3.53773884880554,0.000403568995335664,0.0333607633521995,0.60387437184096,3288.17764436029,1985.33486777262,"DOWN"
"ENSMUSG00000042903.8","chrX",101254528,101260873,"protein_coding","Foxo4",2290,2466,2485,1864,1192,1606,904,669,1551.67939206665,-0.709680186036488,0.20080908038105,-3.53410405888926,0.00040915995702137,0.0333607633521995,0.611455670183319,1926.21679632303,1177.14198781028,"DOWN"
"ENSMUSG00000020483.14","chr11",87979525,87987533,"protein_coding","Dynll2",3676,3457,3461,2573,1242,2837,1194,914,2201.75232207333,-0.780564180258311,0.221162624952869,-3.52936749789732,0.000416554240437864,0.0333607633521995,0.582139097426311,2783.94875147024,1619.55589267643,"DOWN"
"ENSMUSG00000060675.13","chr19",7557459,7588545,"protein_coding","Plaat3",1761,1184,1759,1144,295,1186,180,266,865.930982753151,-1.38112629750139,0.39138983554923,-3.52877405608471,0.000417489414793061,0.0333607633521995,0.383918956630428,1251.91840362647,479.943561879835,"DOWN"
"ENSMUSG00000042717.5","chr6",14713977,14755274,"protein_coding","Ppp1r3a",5307,4440,5353,3765,1290,2706,2848,740,3018.11483375102,-0.989158463131174,0.280727944656822,-3.52354826784479,0.000425809531751029,0.0336389530083313,0.503771543770128,4014.43601086311,2021.79365663894,"DOWN"
"ENSMUSG00000020664.10","chr12",31331277,31351453,"protein_coding","Dld",1536,1904,1468,1367,197,1354,274,157,897.770955567755,-1.46670174081307,0.417002818379951,-3.5172465896302,0.000436048488463051,0.0337851499664936,0.361808513128973,1319.10820230863,476.433708826883,"DOWN"
"ENSMUSG00000022292.16","chr15",37923952,37961318,"protein_coding","Rrm2b",647,677,789,877,206,483,227,155,462.417172600272,-1.19531796833995,0.33992299862959,-3.51643746718789,0.000437379674479923,0.0337851499664936,0.436690191331693,644.080710074726,280.753635125819,"DOWN"
"ENSMUSG00000040687.16","chr2",91137360,91183837,"protein_coding","Madd",974,1064,1097,751,1193,1706,970,1095,1092.50943932519,0.732437331095337,0.208633267266267,3.51064497379782,0.000447020981371956,0.0338986444018584,1.66144361325739,821.014335695794,1364.0045429546,"UP"
"ENSMUSG00000027177.14","chr2",104426481,104494446,"protein_coding","Hipk3",7199,6077,6330,4847,2616,4300,3158,2445,4301.63314706002,-0.599175494937885,0.170719532751839,-3.50970674110769,0.000448601162970508,0.0338986444018584,0.660131114751828,5182.47874477542,3420.78754934463,"DOWN"
"ENSMUSG00000064370.1","chrM",14145,15288,"protein_coding","mt-Cytb",19784,20393,19492,14936,4959,15326,8233,5271,12310.174288286,-0.829259773770806,0.236821554050905,-3.50162288687861,0.000462433658043796,0.034568159040005,0.562817942125374,15754.3891632686,8865.95941330342,"DOWN"
"ENSMUSG00000026112.7","chr1",37417084,37430103,"protein_coding","Coa5",1928,1890,1652,1459,602,1407,537,280,1093.3382275071,-1.01358443156263,0.290912066364928,-3.4841608470484,0.00049368270243631,0.0365115122057152,0.495314090688418,1462.97824937824,723.698205635963,"DOWN"
"ENSMUSG00000026150.14","chr1",82724890,82752394,"protein_coding","Mff",1427,1947,1353,1442,682,980,555,661,1044.27526774804,-0.708602643247747,0.203643729980772,-3.47961925130056,0.000502126842907396,0.0367451138093918,0.611912534415952,1295.61300674508,792.937528750987,"DOWN"
"ENSMUSG00000036199.9","chr8",69894180,69902558,"protein_coding","Ndufa13",2728,2090,1851,1738,782,1658,783,683,1408.71398368601,-0.775398875828295,0.223857679066496,-3.46380289057659,0.000532596615840072,0.0377817517685732,0.584227075048509,1778.87377762878,1038.55418974325,"DOWN"
"ENSMUSG00000013593.12","chr1",171234853,171251388,"protein_coding","Ndufs2",4115,3923,4498,2881,928,3191,1678,1064,2530.26133863818,-0.864401422677695,0.250182407856377,-3.45508475229771,0.000550119866321162,0.0385729813799138,0.549274254710489,3266.94946247772,1793.57321479863,"DOWN"
"ENSMUSG00000021520.4","chr13",66900617,66905378,"protein_coding","Uqcrb",876,926,1083,681,85,644,97,175,502.513354004546,-1.59979678679915,0.463336246797587,-3.45277710918663,0.000554847258053996,0.0385729813799138,0.329923446334227,756.052998813797,248.973709195295,"DOWN"
"ENSMUSG00000021699.17","chr13",108449948,109953461,"protein_coding","Pde4d",2859,2107,2864,2695,900,1510,1567,666,1764.24479469056,-0.845376619817972,0.245622577695312,-3.4417708166333,0.000577919658839358,0.039135904887442,0.556565497074888,2267.13987724943,1261.34971213169,"DOWN"
"ENSMUSG00000039100.10","chr15",31455891,31531053,"protein_coding","Marchf6",4825,3832,4587,3370,1797,3036,1828,1716,2909.65413809791,-0.632542311767598,0.183927379020901,-3.4390872915974,0.000583678995942637,0.039135904887442,0.645038728381518,3537.73802395884,2281.57025223699,"DOWN"
"ENSMUSG00000019461.12","chr11",69846376,69852058,"protein_coding","Plscr3",497,441,450,329,640,844,414,873,573.717978656609,1.11014905256319,0.322929416869252,3.4377451993253,0.000586579374870988,0.039135904887442,2.15867948624504,363.169181619996,784.266775693222,"UP"
"ENSMUSG00000037509.21","chr1",34678188,34813309,"protein_coding","Arhgef4",1160,1199,965,1024,1428,1189,1212,2641,1421.94546948879,1.06478710392359,0.309826117091797,3.43672481170497,0.000588793494197045,0.039135904887442,2.09186116437984,919.525410026481,1924.3655289511,"UP"
"ENSMUSG00000040118.15","chr5",15934691,16374511,"protein_coding","Cacna2d1",6380,4349,6240,3520,1240,3103,2895,1459,3359.35428234102,-0.892611277231989,0.259807091663773,-3.43566940962164,0.000591091774047958,0.039135904887442,0.538638300375735,4366.88978184046,2351.81878284157,"DOWN"
"ENSMUSG00000001891.16","chr11",21321138,21371201,"protein_coding","Ugp2",3122,2365,2482,1835,755,1869,1146,494,1595.58246651784,-0.896342607921533,0.261938315062265,-3.421960654013,0.000621713097683476,0.0407749948593917,0.537246987090548,2076.45209787129,1114.71283516439,"DOWN"
"ENSMUSG00000021843.17","chr14",47648448,47739894,"protein_coding","Ktn1",3404,3689,3097,2644,1737,2016,1481,645,2141.33346760778,-0.773222966778254,0.226433691267413,-3.41478762480225,0.000638317602030485,0.0410235184823002,0.585108885876677,2702.18739173043,1580.47954348513,"DOWN"
"ENSMUSG00000027809.14","chr3",79603788,79629500,"protein_coding","Etfdh",1853,1852,1306,1526,681,1200,693,370,1078.51387183758,-0.822068246701247,0.240830269341308,-3.41347559403424,0.000641399031210747,0.0410235184823002,0.565630473635674,1378.2285647521,778.79917892306,"DOWN"
"ENSMUSG00000039103.12","chr3",152236982,152266350,"protein_coding","Nexn",2502,1693,2173,1529,363,1254,1016,484,1256.71044020634,-1.02058718817194,0.299054834033576,-3.41270921592043,0.000643205338689689,0.0410235184823002,0.492915690870412,1683.86550419347,829.555376219222,"DOWN"
"ENSMUSG00000021973.9","chr14",57916261,57999262,"protein_coding","Micu2",847,1184,912,645,253,387,181,395,545.852625062202,-1.12498800930339,0.330658598453778,-3.40226449444851,0.000668299257848537,0.0420031315050198,0.458505832374069,748.257444234627,343.447805889777,"DOWN"
"ENSMUSG00000032011.5","chr9",44043384,44048579,"protein_coding","Thy1",756,594,582,344,839,817,1112,635,716.930151667821,0.997983534778633,0.293610305132652,3.3990071783337,0.000676309412990672,0.0420031315050198,1.99720653830973,478.30883120404,955.551472131602,"UP"
"ENSMUSG00000020536.12","chr11",60699723,60714186,"protein_coding","Llgl1",918,1052,491,573,1146,1115,1062,771,884.013245354175,0.861025471994408,0.253328232010331,3.39885319990428,0.000676690265903656,0.0420031315050198,1.81632890397445,627.570365681153,1140.4561250272,"UP"
"ENSMUSG00000030256.11","chr6",145858243,145865558,"protein_coding","Bhlhe41",2218,2023,1758,1624,519,1631,581,605,1241.15447437082,-0.885677541933733,0.261172486872525,-3.39115943084013,0.000695976020815884,0.0428179229797524,0.541233280281941,1611.0897043975,871.219244344135,"DOWN"
"ENSMUSG00000003863.18","chr7",45339122,45367019,"protein_coding","Ppfia3",557,727,454,208,965,755,536,916,654.243055434657,1.19066795830297,0.351719155475547,3.38528038569042,0.000711055823904873,0.04336193059462,2.28258400848776,398.361575315728,910.124535553585,"UP"
"ENSMUSG00000026003.5","chr1",66830839,66863277,"protein_coding","Acadl",1717,2984,1865,1549,946,1205,530,825,1324.01422896568,-0.79885417928384,0.236655692845749,-3.37559671469441,0.00073655798855011,0.0445265316208728,0.574805519674639,1681.34142447217,966.687033459189,"DOWN"
"ENSMUSG00000031024.13","chr7",109523911,109703605,"protein_coding","Denn2b",1562,1581,1335,1398,1482,2592,1458,1408,1564.20829271532,0.597920988488009,0.177382878629164,3.37079312901456,0.000749521188494828,0.0445356521574021,1.5135338995838,1244.87958803977,1883.53699739087,"UP"
"ENSMUSG00000028834.13","chr4",134315120,134329629,"protein_coding","Trim63",1350,1038,1458,428,148,719,304,120,612.040368496227,-1.4727653895046,0.437405297283961,-3.36704973316428,0.000759769852392221,0.044695653281623,0.360291022829012,900.246961288991,323.833775703463,"DOWN"
"ENSMUSG00000036565.7","chr5",140620578,140649031,"protein_coding","Ttyh3",995,1045,989,1092,848,2034,1287,1410,1205.66073537637,0.801660432617396,0.238672529193646,3.35882992200988,0.000782732251163681,0.0453462884174159,1.74310615558816,879.147887746734,1532.17358300601,"UP"
"ENSMUSG00000036450.4","chr19",44562850,44576274,"protein_coding","Hif1an",5941,5140,6085,4495,1895,4575,2550,1448,3681.40740237274,-0.744815278303624,0.221991523028487,-3.35515189112895,0.000793214185790717,0.045573760492703,0.59674427335732,4611.8320756941,2750.98272905139,"DOWN"
"ENSMUSG00000066735.8","chr5",129941970,129986692,"protein_coding","Vkorc1l1",807,937,592,756,316,444,180,234,484.299447397982,-1.03053980543343,0.307486728416368,-3.35149360995502,0.000803768939182599,0.0455866141702697,0.489526950859784,650.363887707985,318.235007087979,"DOWN"
"ENSMUSG00000062070.12","chrX",106187100,106203699,"protein_coding","Pgk1",3275,3343,4418,3027,746,2500,1950,721,2279.33046665199,-0.949492116596139,0.283914129726986,-3.34429328159601,0.000824924807875693,0.0462490101963856,0.517814720270192,3003.90725268367,1554.75368062031,"DOWN"
"ENSMUSG00000055737.12","chr15",3317760,3583492,"protein_coding","Ghr",2479,2201,2843,2004,1212,1482,1164,844,1662.69366011812,-0.654513684136123,0.19642075580329,-3.33220224848132,0.000861616147805707,0.0478408313446243,0.635289603980459,2033.67496367113,1291.71235656511,"DOWN"
"ENSMUSG00000051391.9","chr5",135908409,135934616,"protein_coding","Ywhag",7858,7045,6993,5045,3097,5032,3537,2153,4707.11939610771,-0.61107683794619,0.183633104604776,-3.32770520468724,0.000875644729008462,0.0478408313446243,0.654707840869808,5689.80605987845,3724.43273233696,"DOWN"
"ENSMUSG00000024695.16","chr19",12767020,12796126,"protein_coding","Zfp91",2261,2121,1690,1529,797,1188,1043,717,1314.73874911153,-0.634804763991518,0.190946806265241,-3.32451103219669,0.000885737290326789,0.0478408313446243,0.644027963416199,1599.41671675116,1030.0607814719,"DOWN"
"ENSMUSG00000011257.19","chr4",123262351,123298925,"protein_coding","Pabpc4",4115,3980,3635,3615,1497,2711,2316,1341,2697.06654713545,-0.607835205719122,0.183038898080558,-3.32079799481531,0.000897604788630936,0.0478408313446243,0.65618057635135,3257.31326312573,2136.81983114516,"DOWN"
"ENSMUSG00000032050.18","chr9",52047173,52100463,"protein_coding","Rdx",2526,2187,2244,2149,900,1808,1052,839,1588.02796314561,-0.650133572782986,0.195805076186269,-3.3203101035262,0.000899175080903488,0.0478408313446243,0.637221313412073,1940.37601217747,1235.67991411374,"DOWN"
"ENSMUSG00000051367.8","chr12",73040015,73053887,"protein_coding","Six1",1988,1612,1966,1518,459,893,1117,351,1138.0926206525,-0.982757360420484,0.295990066826515,-3.32023763823296,0.00089940852960821,0.0478408313446243,0.506011696904401,1511.60347306708,764.581768237921,"DOWN"
"ENSMUSG00000005251.15","chr16",97741933,97763787,"protein_coding","Ripk4",531,623,460,373,812,462,976,785,650.182308300768,1.09068965793285,0.328561287383364,3.31959272079499,0.000901488622863318,0.0478408313446243,2.12975821940525,415.273902011745,885.090714589791,"UP"
"ENSMUSG00000023089.12","chr6",24518666,24528013,"protein_coding","Ndufa5",942,1060,861,590,105,433,372,233,515.495604647513,-1.2223081787697,0.36966231413737,-3.30655339217371,0.00094451348472922,0.0493515386902193,0.428596454658213,721.743759920039,309.247449374988,"DOWN"
"ENSMUSG00000020130.9","chr10",115197872,115251467,"protein_coding","Tbc1d15",629,778,791,449,152,312,246,222,406.840592200351,-1.11255243161814,0.336635864358372,-3.30491355619125,0.000950056975268943,0.0493515386902193,0.462475090803949,556.323270117213,257.357914283488,"DOWN"
"ENSMUSG00000048416.15","chr3",67374097,67400003,"protein_coding","Mlf1",1633,1155,1508,1412,571,837,685,228,922.965638728654,-0.986239487931549,0.298447949033297,-3.30456111736093,0.000951252328033571,0.0493515386902193,0.504791846202326,1227.06016533353,618.871112123777,"DOWN"
"ENSMUSG00000015733.13","chr6",17636234,17666972,"protein_coding","Capza2",2685,2282,2193,1360,672,1293,1219,534,1397.10742590348,-0.834987472700746,0.252974377009364,-3.30068002369204,0.000964508136288686,0.0495459761866883,0.560587906724877,1790.70916968978,1003.50568211718,"DOWN"
"ENSMUSG00000022358.7","chr15",58175879,58214932,"protein_coding","Fbxo32",3916,3287,3460,2354,1708,1888,1716,859,2219.08815665162,-0.706531308073415,0.214145655486489,-3.29930255399458,0.0009692538494519,0.0495459761866883,0.612791712786197,2752.04746383457,1686.12884946866,"DOWN"
"ENSMUSG00000079477.9","chr6",87999106,88045270,"protein_coding","Rab7",2594,2084,2233,1925,829,1545,1095,918,1539.72282279117,-0.649106748137433,0.196969225226443,-3.29547292167695,0.000982561722393514,0.0498403607939579,0.637675011135502,1880.53701941553,1198.90862616681,"DOWN"
"ENSMUSG00000000088.7","chr9",57521274,57532426,"protein_coding","Cox5a",1412,1508,1265,989,258,692,655,460,827.415185933129,-0.936053726329796,0.284209215879016,-3.29353755624962,0.00098935123555325,0.0498403607939579,0.522660585727177,1086.77437317628,568.055998689975,"DOWN"
"ENSMUSG00000057342.15","chr7",45709467,45718002,"protein_coding","Sphk2",1378,1512,863,962,1584,1572,1433,1081,1280.53807365141,0.682444417248444,0.20754055909277,3.28824601914748,0.00100813700777767,0.0501555231226722,1.60485662713591,982.987369520359,1578.08877778246,"UP"
"ENSMUSG00000022475.19","chr15",97792664,97844502,"protein_coding","Hdac7",2181,2701,1781,2647,1899,3825,3106,2620,2564.55807714296,0.67822549686906,0.206384327788941,3.28622577176814,0.00101539588850132,0.0501555231226722,1.60017034777627,1972.65570828239,3156.46044600354,"UP"
"ENSMUSG00000034055.16","chrX",102513975,102644246,"protein_coding","Phka1",7597,5831,8333,7894,1168,4825,4389,1402,4754.32998001796,-1.0440876216848,0.317766055601044,-3.2857116211168,0.00101725097242474,0.0501555231226722,0.484951500880978,6403.74433829786,3104.91562173805,"DOWN"
"ENSMUSG00000074923.10","chr2",118663303,118698020,"protein_coding","Pak6",365,477,351,252,870,448,404,657,495.70135027735,1.19726606894166,0.365092842232571,3.27934686864933,0.00104047660788853,0.0509393899862048,2.29304722755286,300.883384093868,690.519316460832,"UP"
"ENSMUSG00000038619.12","chr3",95624993,95632102,"protein_coding","Ensa",2599,2861,2251,1728,1062,1388,1317,969,1645.46928241765,-0.587768073527766,0.179414506988111,-3.27603427055491,0.00105275785471183,0.0511802280136828,0.665371476516212,1975.86594228438,1315.07262255091,"DOWN"
"ENSMUSG00000021929.9","chr14",61365211,61439874,"protein_coding","Kpna3",1650,924,1839,1327,561,959,519,228,919.171348651607,-1.06534367112039,0.325765200717388,-3.270280769015,0.00107440786397456,0.0517898643176191,0.477858812259074,1244.34880969543,593.99388760778,"DOWN"
"ENSMUSG00000026203.16","chr1",75236406,75245692,"protein_coding","Dnajb2",1591,1732,1666,1303,856,1045,572,541,1075.43184080324,-0.69515800580428,0.212780043388183,-3.26702633731526,0.00108683568812626,0.0517898643176191,0.617641669954167,1329.7993180002,821.064363606278,"DOWN"
"ENSMUSG00000031993.7","chr9",30427108,30466733,"protein_coding","Snx19",1528,1408,1960,1582,765,989,736,571,1116.26718043381,-0.728317879357947,0.222944319390576,-3.26681514626083,0.00108764674775207,0.0517898643176191,0.603607283962856,1392.36405439164,840.170306475979,"DOWN"
"ENSMUSG00000041164.15","chr11",6389074,6406158,"protein_coding","Zmiz2",1925,1555,1947,1869,2119,2180,2451,2241,2061.01709594862,0.704077132366863,0.216019790977105,3.25931771890977,0.00111680521062883,0.0524982371643801,1.62910222226796,1567.79198595563,2554.24220594161,"UP"
"ENSMUSG00000020390.12","chr11",51985497,52000762,"protein_coding","Ube2b",3851,2345,3372,2470,1350,1940,1498,594,2009.30941847181,-0.841608586014635,0.258232706433502,-3.25910918736144,0.00111762645286655,0.0524982371643801,0.558021035919419,2579.72569692363,1438.89314001999,"DOWN"
"ENSMUSG00000018849.6","chr11",35838400,35980527,"protein_coding","Wwc1",1771,1932,1213,1233,1423,1830,2436,1877,1715.91598412129,0.741610299488313,0.227734569459332,3.25646783116406,0.00112807712433512,0.0526335044857568,1.67204108740022,1284.026478801,2147.80548944158,"UP"
"ENSMUSG00000024947.17","chr19",6334979,6340891,"protein_coding","Men1",330,452,264,180,534,945,300,391,414.207310472865,1.19176752448964,0.366699516518582,3.24998389909044,0.00115411542552963,0.0529893148817324,2.28432436859286,252.210364452248,576.204256493482,"UP"
"ENSMUSG00000055333.14","chr11",55250609,55336564,"protein_coding","Fat2",2422,2419,1971,1956,3374,2254,2582,2256,2415.18161850481,0.685647416340019,0.210988424225959,3.24969210446219,0.0011553001798035,0.0529893148817324,1.60842360738916,1851.58691991057,2978.77631709905,"UP"
"ENSMUSG00000025479.9","chr7",140763739,140774987,"protein_coding","Cyp2e1",542,754,917,1013,293,507,124,180,493.552994817603,-1.26231505651546,0.388852979812088,-3.24625275374118,0.00116934970909148,0.053132805082379,0.416874474700393,696.935171633779,290.170818001428,"DOWN"
"ENSMUSG00000020354.15","chr11",46896253,47988969,"protein_coding","Sgcd",1485,1118,1459,1023,600,680,589,249,829.507074263712,-0.918675902484999,0.284601528500077,-3.22793734568699,0.0012468628051293,0.055890289592063,0.528994305593219,1085.26196704249,573.752181484936,"DOWN"
"ENSMUSG00000024726.10","chr19",18670764,18707200,"protein_coding","Carnmt1",1004,881,914,801,386,505,183,323,574.303224273808,-0.999103144950003,0.309534732407179,-3.2277577937061,0.00124764564543671,0.055890289592063,0.500310922907634,765.601287359247,383.005161188369,"DOWN"
"ENSMUSG00000033400.14","chr3",116739999,116808166,"protein_coding","Agl",14068,8232,12874,11143,2214,8524,6150,1736,7405.06583622115,-1.05426588488825,0.326775584299279,-3.22626883874743,0.00125415494481614,0.055890289592063,0.481542191876656,9996.9378998912,4813.19377255109,"DOWN"
"ENSMUSG00000024851.14","chr19",4099998,4113965,"protein_coding","Pitpnm1",524,523,606,907,929,811,1003,1197,849.546334095446,1.03706210753809,0.322092572858086,3.21976411419775,0.0012829611735616,0.0565470761907586,2.05204462860647,556.705401486606,1142.38726670429,"UP"
"ENSMUSG00000052337.15","chr6",71831331,71877388,"protein_coding","Immt",3348,3516,3175,2896,1119,2467,1656,1426,2276.00513796423,-0.593191338331825,0.184283917107397,-3.21889911850595,0.00128683749041268,0.0565470761907586,0.662874960113193,2737.63395038355,1814.37632554491,"DOWN"
"ENSMUSG00000028901.13","chr4",132221025,132261602,"protein_coding","Gmeb1",388,561,275,174,367,393,1180,644,517.84026783703,1.39757460761983,0.434684518334801,3.21514695985421,0.00130377756527075,0.0566491352110141,2.63458295703919,284.767055429416,750.913480244643,"UP"
"ENSMUSG00000050390.12","chr4",129219578,129261404,"protein_coding","C77080",1906,2680,1812,827,2580,2449,2065,2021,2020.98990189798,0.786386584917116,0.245122277131663,3.20814001125945,0.00133596442722155,0.0576871099257404,1.72474919233664,1483.07448391809,2558.90531987787,"UP"
"ENSMUSG00000084128.10","chr8",106130319,106136974,"protein_coding","Esrp2",871,993,937,993,1442,1238,961,1160,1082.92149589381,0.747597528093886,0.233536777317648,3.20119827241185,0.00136857324323814,0.0587303776974789,1.67899452763827,808.372241896284,1357.47074989133,"UP"
"ENSMUSG00000036246.14","chr8",69808679,69821870,"protein_coding","Gmip",167,446,304,249,234,564,851,543,430.583889115193,1.35251980999669,0.422908119850371,3.19814102995994,0.00138316618448869,0.0589924620525484,2.55357743821969,242.257033940637,618.910744289749,"UP"
"ENSMUSG00000074030.3","chr8",124893108,124897705,"protein_coding","Exoc8",684,463,346,791,814,962,957,779,738.619580329136,0.99598679158351,0.312836122554404,3.18373333440835,0.00145388882597826,0.0606344563645029,1.9944442427323,493.410297522761,983.828863135511,"UP"
"ENSMUSG00000033065.14","chr15",98092589,98132451,"protein_coding","Pfkm",25942,17943,26005,16747,4638,15979,11112,2888,13722.9417829573,-1.05449521922228,0.331287905046215,-3.18301756013452,0.00145748774698585,0.0606344563645029,0.481465650835218,18526.6679246835,8919.21564123123,"DOWN"
"ENSMUSG00000041688.16","chrX",145446425,145505181,"protein_coding","Amot",2361,3374,3237,2776,686,2252,1338,1154,1973.56922721021,-0.771773426696497,0.242484528173668,-3.18277389699582,0.0014587147599763,0.0606344563645029,0.585697066318418,2489.47787729808,1457.66057712234,"DOWN"
"ENSMUSG00000033808.16","chr2",120355312,120404113,"protein_coding","Tmem87a",1883,2424,2146,1884,808,1752,969,549,1417.22407820047,-0.712830741537138,0.224010741628428,-3.18212750136566,0.00146197442464201,0.0606344563645029,0.610121831056748,1761.00903764343,1073.43911875751,"DOWN"
"ENSMUSG00000044066.14","chr11",20227037,20249429,"protein_coding","Cep68",1325,1740,1296,972,672,917,397,270,854.587954365345,-0.896959087888811,0.281931886138923,-3.18147443402989,0.00146527454966002,0.0606344563645029,0.53701746439689,1112.33538209332,596.840526637365,"DOWN"
"ENSMUSG00000020386.5","chr11",51763687,51791925,"protein_coding","Sar1b",2078,1474,2361,2270,148,1088,486,108,1112.60908921412,-1.97871327768995,0.622799976407088,-3.1771248436859,0.00148742991458718,0.0611870577882254,0.2537160553568,1775.16701038783,450.051168040422,"DOWN"
"ENSMUSG00000022742.6","chr16",58670292,58717636,"protein_coding","Cpox",639,944,761,504,163,458,279,163,437.377383810153,-1.08031775704197,0.340263023749929,-3.17494902953644,0.00149862822962111,0.061285079131329,0.472924649102987,594.120305722388,280.634461897917,"DOWN"
"ENSMUSG00000047821.16","chr11",62820231,62850808,"protein_coding","Trim16",973,606,770,682,220,553,106,152,456.646047540527,-1.29731635192746,0.409035509648931,-3.17164725634927,0.00151576998201211,0.0616235842979425,0.406882362220103,649.494266479564,263.797828601491,"DOWN"
"ENSMUSG00000019734.16","chr7",3665790,3677553,"protein_coding","Tmc4",300,572,537,448,650,875,686,479,564.665247272537,0.907287770032026,0.286565689842833,3.16607256971213,0.00154512240703504,0.0617872121675329,1.87551625918211,392.808282166328,736.522212378746,"UP"
"ENSMUSG00000023456.16","chr6",124810586,124814296,"protein_coding","Tpi1",12825,8383,13994,10410,2742,8478,6279,2295,7512.96637168558,-0.923492908330974,0.291684939115753,-3.16606305121737,0.00154517296942201,0.0617872121675329,0.527230995060839,9839.17742739469,5186.75531597647,"DOWN"
"ENSMUSG00000027680.15","chr3",34019943,34070322,"protein_coding","Fxr1",4580,3209,4285,3793,1191,2671,2438,769,2643.14891845216,-0.859842803343845,0.271601815399312,-3.16582126698857,0.00154645784193768,0.0617872121675329,0.551012593230547,3408.73774007236,1877.56009683195,"DOWN"
"ENSMUSG00000025203.6","chr19",44293674,44306864,"protein_coding","Scd2",2440,3280,2465,1160,3198,3760,2201,2384,2554.57927556392,0.720994590334316,0.228106219377745,3.16078444639138,0.0015734489104195,0.0622956633513781,1.64831798920597,1928.98596125061,3180.17258987723,"UP"
"ENSMUSG00000036879.15","chr8",85840959,86061376,"protein_coding","Phkb",4589,2732,4467,3985,1462,2922,2013,759,2648.67603719768,-0.856761265598012,0.271117696567899,-3.16010823507216,0.00157710540130071,0.0622956633513781,0.552190791492312,3413.37603507489,1883.97603932047,"DOWN"
"ENSMUSG00000022382.15","chr15",85535437,85582473,"protein_coding","Wnt7b",1208,1689,1017,425,1754,770,2362,1723,1415.47653341649,1.13630052022615,0.360267144990782,3.15404981005201,0.00161021600324437,0.063244190138728,2.19816627593788,884.875909253934,1946.07715757904,"UP"
"ENSMUSG00000030301.17","chr6",147475828,147632612,"protein_coding","Ccdc91",713,658,795,975,279,492,160,252,498.726708241129,-1.09406098288342,0.347286992973933,-3.15030797299551,0.00163098434798428,0.0637000179055433,0.468440921966676,679.429587073169,318.023829409089,"DOWN"
"ENSMUSG00000031372.7","chrX",73433705,73435344,"protein_coding","Trex2",377,315,212,133,475,167,507,1004,439.890203233265,1.62760266828651,0.516920498192544,3.14865182165837,0.00164025496161559,0.063704203872355,3.0899910689395,214.949581884381,664.830824582149,"UP"
"ENSMUSG00000018893.15","chr15",77015487,77050670,"protein_coding","Mb",8159,4472,6883,4352,1450,4028,3487,1030,3869.87988818428,-0.956703197157272,0.304281808338067,-3.14413537366107,0.00166578360261753,0.0643362644744281,0.515232963782216,5108.37954113744,2631.38023523112,"DOWN"
"ENSMUSG00000040018.9","chr19",43733254,43753000,"protein_coding","Cox15",697,687,688,398,148,371,233,147,379.139643848564,-1.11668082303351,0.356172474574517,-3.13522493383997,0.00171722386071597,0.0654290576855202,0.461153571726357,519.140338093581,239.138949603548,"DOWN"
"ENSMUSG00000038204.13","chr5",24532697,24540978,"protein_coding","Asb10",972,662,836,376,149,423,149,227,427.375989763488,-1.24311088174853,0.396524415834178,-3.13501724511306,0.00171844009203384,0.0654290576855202,0.422460721737896,600.989019711394,253.762959815581,"DOWN"
"ENSMUSG00000063077.15","chr4",149176319,149307693,"protein_coding","Kif1b",15815,15191,15894,11821,5699,10750,8618,5029,10290.9874824662,-0.611385789663397,0.195095586661317,-3.1337756026473,0.00172572772716579,0.0654290576855202,0.65456765084404,12439.8361163575,8142.13884857493,"DOWN"
"ENSMUSG00000047045.17","chrX",142681406,142843494,"protein_coding","Tmem164",1331,1315,1157,1150,1540,1344,1549,1410,1356.579840056,0.663858513156638,0.211908678346483,3.13275755545598,0.00173172419650974,0.0654290576855202,1.5843142386218,1049.62672148725,1663.53295862475,"UP"
"ENSMUSG00000071074.9","chr17",46248080,46252537,"protein_coding","Yipf3",827,912,671,460,1169,892,867,801,825.782995548405,0.818782054550218,0.261857384864122,3.12682437799142,0.00176705449740376,0.0664030425186539,1.76391623848394,597.310529788749,1054.25546130806,"UP"
"ENSMUSG00000048175.13","chr15",98134637,98165625,"protein_coding","Asb8",1704,1103,1299,1111,352,1021,395,463,852.487408826433,-0.912416096372871,0.293316961130511,-3.11068304013587,0.00186655173293975,0.0697648798247157,0.531294581206951,1113.71502177427,591.259795878594,"DOWN"
"ENSMUSG00000014547.10","chr14",62837678,62961509,"protein_coding","Wdfy2",1021,1229,988,1053,1046,1458,1487,1031,1151.5071756657,0.620487377511384,0.200329066686984,3.09734072929567,0.00195265293175696,0.0720934507749393,1.53739446285195,907.60112712986,1395.41322420154,"UP"
"ENSMUSG00000074925.4","chr19",23687429,23731668,"protein_coding","Ptar1",1216,1494,762,974,1269,1533,1286,1093,1182.72382856472,0.63678137237026,0.205622930866586,3.09684026818693,0.00195595237536042,0.0720934507749393,1.55485642921807,925.637432805865,1439.81022432357,"UP"
"ENSMUSG00000039410.16","chr4",154316125,154636873,"protein_coding","Prdm16",706,668,903,747,996,1363,759,890,876.269432681882,0.764063836403371,0.24677207395917,3.09623299000109,0.00195996291663745,0.0720934507749393,1.69826763621665,649.658678801403,1102.88018656236,"UP"
"ENSMUSG00000003464.13","chr1",172126755,172136493,"protein_coding","Pex19",1570,1409,1101,1336,504,1113,435,456,906.309350138715,-0.78883428874556,0.255890300784626,-3.08270491818873,0.00205128446647805,0.0750554190050283,0.578811588300794,1148.479362354,664.139337923435,"DOWN"
"ENSMUSG00000029657.15","chr5",149614287,149636376,"protein_coding","Hsph1",916,1529,1314,1247,254,447,380,685,785.909510385626,-1.04552065934953,0.339984438034104,-3.07520151626661,0.00210360369017813,0.0761679836151999,0.484470034798392,1058.46235532439,513.356665446866,"DOWN"
"ENSMUSG00000022354.4","chr15",58933756,58939488,"protein_coding","Ndufb9",1507,1688,1597,1147,276,1067,764,377,953.404714566803,-0.932092829265278,0.303285768700056,-3.07331541885535,0.00211694603033077,0.0762539316210336,0.524097513963042,1251.42323563854,655.386193495068,"DOWN"
"ENSMUSG00000017778.14","chr13",86044816,86046904,"protein_coding","Cox7c",1560,1549,1650,1440,159,1069,691,434,970.159068422839,-1.08873769210875,0.354537477301831,-3.07086771303973,0.00213437692037208,0.0764855069609623,0.470172579309996,1320.03725272411,620.280884121567,"DOWN"
"ENSMUSG00000062110.14","chr5",74204816,74531759,"protein_coding","Scfd2",437,398,214,420,527,620,619,461,466.294397433288,0.99691514740111,0.324996763490619,3.06746177006125,0.00215885073441206,0.0769657964391418,1.9957280551227,311.300533563906,621.288261302671,"UP"
"ENSMUSG00000030105.8","chr6",108783099,108825278,"protein_coding","Arl8b",1497,1696,1429,1012,449,682,883,217,892.097041372494,-0.96693496262564,0.316761129358248,-3.05256823835876,0.00226892137165856,0.0795189408906039,0.511591797147412,1180.49971118151,603.694371563476,"DOWN"
"ENSMUSG00000078566.8","chr7",138890836,138909519,"protein_coding","Bnip3",805,781,556,676,196,433,330,159,446.701026468754,-0.994973065009047,0.326011485456652,-3.05195709168149,0.00227354598182928,0.0795189408906039,0.501745241707336,595.132198642343,298.269854295165,"DOWN"
"ENSMUSG00000056569.11","chr1",171150711,171161130,"protein_coding","Mpz",526,1389,1154,728,278,466,191,398,581.282586255769,-1.09208531855628,0.358184355885372,-3.04894756181305,0.00229644562294014,0.0795189408906039,0.469082856659496,791.219903943551,371.345268567987,"DOWN"
"ENSMUSG00000067194.6","chrX",159372178,159389928,"protein_coding","Eif1ax",1098,1260,1151,783,362,845,435,257,699.668971778273,-0.8555777459295,0.28064768013652,-3.04858299741978,0.00229923390881696,0.0795189408906039,0.552643968899521,901.675162223582,497.662781332964,"DOWN"
"ENSMUSG00000005510.9","chr2",90894634,90904827,"protein_coding","Ndufs3",1161,1696,1111,682,115,1012,252,163,667.398859345851,-1.34833234605597,0.442287228968932,-3.04854460572879,0.00229952771912732,0.0795189408906039,0.392745773137249,958.833699209594,375.964019482109,"DOWN"
"ENSMUSG00000021373.16","chr13",46501848,46650281,"protein_coding","Cap2",1992,1864,2284,1304,960,1317,741,409,1244.92010490451,-0.789567590551344,0.259120165631548,-3.04710977868877,0.00231053309262112,0.0795189408906039,0.578517461184685,1577.71921305901,912.120996750002,"DOWN"
"ENSMUSG00000027366.12","chr2",126890391,126933235,"protein_coding","Sppl2a",1994,1963,1824,1182,740,1108,924,679,1205.87269335095,-0.623666661994283,0.204930149968992,-3.04331335378737,0.00233988542355448,0.0801324308598559,0.64901932355362,1462.51139989855,949.233986803353,"DOWN"
"ENSMUSG00000068823.10","chr3",103020426,103058186,"protein_coding","Csde1",14493,10388,13547,10520,4772,10238,5736,4268,8571.90559065994,-0.649794827726285,0.213926465706929,-3.03746815794395,0.0023857460890469,0.081302484367912,0.637370950658526,10470.8508103431,6672.9603709768,"DOWN"
"ENSMUSG00000025650.13","chr9",108953586,108984875,"protein_coding","Col7a1",2099,1647,1267,954,2122,1484,1612,2527,1756.7464818846,0.858705173383297,0.283411732678067,3.02988576114707,0.00244646255806735,0.0824102513010856,1.81341003471794,1248.48795086259,2265.00501290661,"UP"
"ENSMUSG00000018286.6","chr11",70525367,70527858,"protein_coding","Psmb6",662,1259,756,877,273,599,366,122,548.029517919911,-1.06904637729404,0.35329301938199,-3.02594820346042,0.00247854757734143,0.0824102513010856,0.476633950384322,742.608475539336,353.450560300486,"DOWN"
"ENSMUSG00000070990.2","chr4",46343609,46346412,"protein_coding","Foxe1",259,341,816,1014,961,1443,939,1101,887.758137639435,1.18858084196087,0.39305592074781,3.02394844911514,0.00249498948534799,0.0824102513010856,2.27928423001043,541.624058479465,1233.89221679941,"UP"
"ENSMUSG00000028603.15","chr4",108043839,108144998,"protein_coding","Scp2",1006,1193,1134,861,395,743,489,371,712.828084847476,-0.710974524158249,0.235155999409851,-3.02341648072988,0.00249938008134554,0.0824102513010856,0.610907338453555,885.20406159024,540.452108104713,"DOWN"
"ENSMUSG00000044042.19","chr2",113327736,113716767,"protein_coding","Fmn1",598,844,477,442,566,1325,767,559,673.363926451495,0.811827050368662,0.268533042529738,3.02319238899161,0.00250123173540407,0.0824102513010856,1.75543314207081,488.791707855379,857.936145047612,"UP"
"ENSMUSG00000020022.17","chr10",94198720,94221443,"protein_coding","Ndufa12",646,597,767,704,91,296,359,50,396.494363525221,-1.47543516731127,0.488828933718413,-3.0183057211609,0.00254192327626447,0.0833558991348614,0.359624903185233,583.43289651201,209.555830538432,"DOWN"
"ENSMUSG00000052056.14","chr2",170108643,170148103,"protein_coding","Zfp217",843,1043,1002,727,1089,1327,952,857,964.500664657332,0.613529949273586,0.203619437670306,3.01312073293806,0.00258576024208512,0.0843953295914353,1.52999819326037,762.43590716131,1166.56542215336,"UP"
"ENSMUSG00000042129.8","chr6",116633008,116673952,"protein_coding","Rassf4",658,969,509,380,671,823,841,1051,744.423689564821,0.913515525402824,0.303430452508619,3.01062572279845,0.00260709993045492,0.0846941996099187,1.88362989568811,515.965235824592,972.88214330505,"UP"
"ENSMUSG00000001175.16","chr12",100199435,100209814,"protein_coding","Calm1",4418,4454,5148,3651,1592,4002,1825,1697,3087.08851284445,-0.634371748898148,0.210893059970454,-3.00802572160043,0.00262950881361997,0.0850248617315631,0.644221293036136,3755.61703275654,2418.55999293237,"DOWN"
"ENSMUSG00000020153.14","chr10",80249121,80256794,"protein_coding","Ndufs7",1677,1537,1644,1249,614,1210,738,449,1048.55410443183,-0.691603180275731,0.23014725783161,-3.00504636375789,0.002655403691916,0.0854646595657408,0.619165426219452,1295.63569906652,801.472509797129,"DOWN"
"ENSMUSG00000020340.16","chr11",46193850,46312859,"protein_coding","Cyfip2",489,680,276,358,558,494,967,647,569.519874004285,1.04675672988213,0.349324819637921,2.99651404949442,0.00273085653878167,0.0870780494445983,2.0658803931206,371.302149518651,767.737598489919,"UP"
"ENSMUSG00000020828.13","chr11",70540064,70558110,"protein_coding","Pld2",837,1511,918,1068,1140,1253,2061,1078,1233.54440167702,0.783749650688308,0.26164965277708,2.99541636065555,0.00274070452988688,0.0870780494445983,1.72159960343657,906.32896024908,1560.75984310496,"UP"
"ENSMUSG00000016763.15","chr15",83604999,83725021,"protein_coding","Scube1",313,466,553,330,730,531,559,617,525.155872959417,0.986157069278109,0.329251432202102,2.9951489130434,0.00274310886483991,0.0870780494445983,1.98090139707554,352.25235293497,698.059392983865,"UP"
"ENSMUSG00000041548.4","chr5",116408491,116422864,"protein_coding","Hspb8",2920,2897,2921,2711,804,1930,1693,1200,1989.11753451495,-0.659787797403404,0.220768641706799,-2.98859381614379,0.00280264443374577,0.0881628239972879,0.63297139240132,2436.29255260134,1541.94251642855,"DOWN"
"ENSMUSG00000022037.15","chr14",65968483,65981547,"protein_coding","Clu",2058,2986,1495,1884,678,906,756,1194,1383.64102813924,-0.784102770804669,0.262692183627765,-2.98487286517723,0.00283696208183321,0.0888403621302004,0.580712997228625,1750.10295556615,1017.17910071232,"DOWN"
"ENSMUSG00000049103.14","chr9",124101950,124113557,"protein_coding","Ccr2",334,180,500,219,310,510,536,1012,483.977935289318,1.38730095065716,0.465223521331279,2.98200947941599,0.00286363131988925,0.0892733853626461,2.61588832257398,267.662230103418,700.293640475218,"UP"
"ENSMUSG00000030249.15","chr6",142587862,142702315,"protein_coding","Abcc9",5629,4354,4889,4227,1963,4415,2088,1359,3323.12455586164,-0.661594747490956,0.222363599417816,-2.97528349614379,0.00292717893326898,0.0904433241959375,0.632179103166557,4072.73327303019,2573.51583869309,"DOWN"
"ENSMUSG00000062078.15","chr17",10202601,10319854,"protein_coding","Qk",6328,6575,5614,4452,2863,3735,3563,1484,3994.93089251716,-0.612203431357662,0.205943824032579,-2.9726719615579,0.00295219785485849,0.0908127410928151,0.654196782327284,4830.33316189095,3159.52862314338,"DOWN"
"ENSMUSG00000021622.3","chr13",91853387,91876885,"protein_coding","Ckmt2",3465,4470,2937,3221,290,1767,1479,449,1996.2813029278,-1.5091231067083,0.508562868708771,-2.96742684053974,0.00300303739921977,0.0919696740060609,0.351324694861233,2954.72808712159,1037.83451873401,"DOWN"
"ENSMUSG00000020570.15","chr12",32953891,32979860,"protein_coding","Sypl",2135,2181,2227,1664,588,1804,970,630,1392.71764035335,-0.727312025681207,0.245975698910687,-2.95684504161239,0.00310804271481876,0.0939439693626958,0.60402826850116,1737.04057768763,1048.39470301906,"DOWN"
"ENSMUSG00000062328.8","chr18",74998558,75003381,"protein_coding","Rpl17",1409,1698,1217,847,1376,1541,1974,1186,1388.75333628909,0.662909296021866,0.224404091590647,2.95408738460584,0.00313595194646014,0.0943772204839432,1.5832721863804,1074.93326219778,1702.57341038041,"UP"
"ENSMUSG00000018648.15","chr11",84048041,84069261,"protein_coding","Dusp14",496,468,336,189,821,299,665,636,510.55005818526,1.20651472535255,0.408770835234339,2.95156753211339,0.00316165401134128,0.0947405977881232,2.30779443914046,308.513789622592,712.586326747929,"UP"
"ENSMUSG00000001995.9","chr8",125418063,125569808,"protein_coding","Sipa1l2",1046,1387,1492,765,1489,1346,1366,1528,1311.45827912471,0.730912734797251,0.247891520778987,2.94851849914186,0.00319301028911082,0.0950477826065145,1.65968877750427,985.907050313251,1637.00950793618,"UP"
"ENSMUSG00000031333.7","chrX",104280657,104413856,"protein_coding","Abcb7",1173,802,896,752,204,645,383,89,554.074143181862,-1.1944041932827,0.405320163296365,-2.9468166191608,0.00321063543006118,0.0950477826065145,0.436966870041315,771.555774027037,336.592512336687,"DOWN"
"ENSMUSG00000022110.13","chr14",73525319,73596142,"protein_coding","Sucla2",2377,2080,2517,1985,534,2205,848,449,1466.31066178156,-0.905357652538899,0.307255386517176,-2.94659651959686,0.00321292130502459,0.0950477826065145,0.533900330601814,1912.53538273211,1020.08594083102,"DOWN"
"ENSMUSG00000053907.10","chr6",72432799,72439558,"protein_coding","Mat2a",2885,3022,3166,3127,1059,2476,1474,1366,2165.77462803265,-0.593997321378551,0.201943237113123,-2.9414073472825,0.00326724568126633,0.0958761033433969,0.662504738580034,2605.74729309673,1725.80196296858,"DOWN"
"ENSMUSG00000074766.10","chr2",139678178,139758581,"protein_coding","Ism1",671,604,441,694,977,1446,791,396,734.066011280576,0.894062692488238,0.303969775529309,2.94128812949046,0.00326850352307035,0.0958761033433969,1.85840210383635,513.873942713185,954.258079847967,"UP"
"ENSMUSG00000026972.15","chr2",24925352,24935252,"protein_coding","Arrdc1",636,403,592,394,574,882,579,888,629.548030242479,0.929544775883977,0.317297076003242,2.92957246121764,0.00339428663516976,0.0991120452386808,1.90467490525869,433.432150902595,825.663909582363,"UP"
"ENSMUSG00000034685.4","chr11",102436981,102447682,"protein_coding","Fam171a2",357,351,195,264,452,904,318,299,380.855376668199,1.08142043829669,0.369731779621272,2.92487824391084,0.00344591019396524,0.0991120452386808,2.11611852853986,244.54055726665,517.170196069747,"UP"
"ENSMUSG00000025223.15","chr19",46031570,46045214,"protein_coding","Ldb1",1925,1557,1317,1003,1921,1664,1649,1534,1566.27273017255,0.650336794143799,0.222348295500598,2.92485621569359,0.00344615411974661,0.0991120452386808,1.56953455759267,1218.85412862125,1913.69133172385,"UP"
"ENSMUSG00000020794.13","chr11",72607283,72686481,"protein_coding","Ube2g1",1256,1270,1439,1099,699,753,454,505,872.31568432869,-0.69134207963184,0.236502166719037,-2.92319554286853,0.00346458862067014,0.0991120452386808,0.619277493646646,1077.39583475462,667.235533902757,"DOWN"
"ENSMUSG00000058886.9","chr7",141297180,141327690,"protein_coding","Deaf1",423,694,622,808,885,760,782,1167,795.223229244561,0.937146109738343,0.320847486150837,2.92084604115543,0.00349082288025691,0.0991120452386808,1.91473682260236,545.55283205272,1044.8936264364,"UP"
"ENSMUSG00000030319.8","chr6",115774538,115805557,"protein_coding","Cand2",2291,1790,2092,1572,380,1565,859,683,1285.95724416624,-0.83512350270714,0.285936262758625,-2.92066313887621,0.00349287271051162,0.0991120452386808,0.560535052047064,1648.41195348954,923.502534842937,"DOWN"
"ENSMUSG00000047466.10","chr18",77631497,77714486,"protein_coding","8030462N17Rik",1170,1368,959,1200,522,846,564,280,790.869516529114,-0.749546435125025,0.256860425990434,-2.91810788771696,0.00352162480467999,0.099176323761518,0.594790522645596,992.1847916281,589.554241430128,"DOWN"
"ENSMUSG00000032359.14","chr9",90054152,90076089,"protein_coding","Ctsh",769,746,490,765,972,859,1185,640,806.81499136786,0.803749178164767,0.275512424492051,2.91728832065051,0.00353089221498108,0.099176323761518,1.74563166656329,587.691872503051,1025.93811023267,"UP"
"ENSMUSG00000021238.11","chr12",84430717,84451004,"protein_coding","Aldh6a1",1569,1829,1659,1327,571,1205,865,608,1112.75293680942,-0.614467114962608,0.210674433824216,-2.91666674407826,0.00353793560023827,0.099176323761518,0.653171109343405,1346.44190333792,879.063970280924,"DOWN"
"ENSMUSG00000047501.3","chr5",134945119,134946934,"protein_coding","Cldn4",625,981,612,779,974,1181,1048,567,829.900444476751,0.71022538747133,0.243846248031056,2.91259510124132,0.00358439036133622,0.0998062323228265,1.63605969334213,629.721529380346,1030.07935957316,"UP"
"ENSMUSG00000020458.16","chr11",29692947,29744331,"protein_coding","Rtn4",6786,4865,6410,3968,2255,3711,3358,1762,3851.47837427635,-0.637604753165206,0.21901225379188,-2.91127433340374,0.00359957821236154,0.0998062323228265,0.642779243134409,4689.23498080442,3013.72176774827,"DOWN"
